<?xml version='1.0' encoding='UTF-8'?>
<DEFECTS><DEFECT><SFA><FILEPATH>c:\users\risin\documents\nyu\gamep\game-programming\hw3\nyucodebase\</FILEPATH><FILENAME>mainframe.h</FILENAME><LINE>104</LINE><COLUMN>198</COLUMN></SFA><DEFECTCODE>6287</DEFECTCODE><DESCRIPTION>Redundant code:  the left and right sub-expressions are identical.</DESCRIPTION><FUNCTION>Mainframe::playerhitdetect</FUNCTION><DECORATED>?playerhitdetect@Mainframe@@AAE_NVEntity@@@Z</DECORATED><FUNCLINE>102</FUNCLINE><PATH/></DEFECT><DEFECT><SFA><FILEPATH>c:\users\risin\documents\nyu\gamep\game-programming\hw3\nyucodebase\</FILEPATH><FILENAME>mainframe.h</FILENAME><LINE>117</LINE><COLUMN>204</COLUMN></SFA><DEFECTCODE>6287</DEFECTCODE><DESCRIPTION>Redundant code:  the left and right sub-expressions are identical.</DESCRIPTION><FUNCTION>Mainframe::shieldhitdetect</FUNCTION><DECORATED>?shieldhitdetect@Mainframe@@AAE_NAAVEntity@@V2@@Z</DECORATED><FUNCLINE>112</FUNCLINE><PATH/></DEFECT><DEFECT><SFA><FILEPATH>c:\users\risin\documents\nyu\gamep\game-programming\hw3\nyucodebase\</FILEPATH><FILENAME>mainframe.h</FILENAME><LINE>148</LINE><COLUMN>198</COLUMN></SFA><DEFECTCODE>6287</DEFECTCODE><DESCRIPTION>Redundant code:  the left and right sub-expressions are identical.</DESCRIPTION><FUNCTION>Mainframe::enemyhit</FUNCTION><DECORATED>?enemyhit@Mainframe@@AAE_NVEntity@@@Z</DECORATED><FUNCLINE>146</FUNCLINE><PATH/></DEFECT></DEFECTS>